ombra/content/prompt/en/c0001.mp3	P	Hi, how are you?
ombra/content/prompt/en/c0002.mp3	P	I'm fine, thanks.
ombra/content/prompt/en/c0003.mp3	P	Good morning, Mrs. Rossi.
ombra/content/prompt/en/c0004.mp3	P	Good evening, everyone.
ombra/content/prompt/en/c0005.mp3	P	My name is Marco.
ombra/content/prompt/en/c0006.mp3	P	What's your name?
ombra/content/prompt/en/c0007.mp3	P	Nice to meet you.
ombra/content/prompt/en/c0008.mp3	P	Where are you from?
ombra/content/prompt/en/c0009.mp3	P	I'm from Tokyo.
ombra/content/prompt/en/c0010.mp3	P	I live in Rome.
ombra/content/prompt/en/c0011.mp3	P	Do you speak English?
ombra/content/prompt/en/c0012.mp3	P	I speak a little Italian.
ombra/content/prompt/en/c0013.mp3	P	I don't understand.
ombra/content/prompt/en/c0014.mp3	P	Can you repeat, please?
ombra/content/prompt/en/c0015.mp3	P	Speak more slowly, please.
ombra/content/prompt/en/c0016.mp3	P	Thanks a lot.
ombra/content/prompt/en/c0017.mp3	P	You're welcome!
ombra/content/prompt/en/c0018.mp3	P	Excuse me, where is the bathroom?
ombra/content/prompt/en/c0019.mp3	P	How much does this cost?
ombra/content/prompt/en/c0020.mp3	P	I'd like a coffee, please.
ombra/content/prompt/en/c0021.mp3	P	The bill, please.
ombra/content/prompt/en/c0022.mp3	P	What time is it?
ombra/content/prompt/en/c0023.mp3	P	It's three o'clock.
ombra/content/prompt/en/c0024.mp3	P	Today is Monday.
ombra/content/prompt/en/c0025.mp3	P	Tomorrow I work.
ombra/content/prompt/en/c0026.mp3	P	I'm hungry.
ombra/content/prompt/en/c0027.mp3	P	I'm thirsty.
ombra/content/prompt/en/c0028.mp3	P	I'm tired.
ombra/content/prompt/en/c0029.mp3	P	All right.
ombra/content/prompt/en/c0030.mp3	P	I don't know.
ombra/content/prompt/en/c0031.mp3	P	Sure, why not?
ombra/content/prompt/en/c0032.mp3	P	I like pizza.
ombra/content/prompt/en/c0033.mp3	P	I don't like fish.
ombra/content/prompt/en/c0034.mp3	P	I have a sister.
ombra/content/prompt/en/c0035.mp3	P	This is my brother.
ombra/content/prompt/en/c0036.mp3	P	My family is big.
ombra/content/prompt/en/c0037.mp3	P	Where do you live?
ombra/content/prompt/en/c0038.mp3	P	I work in an office.
ombra/content/prompt/en/c0039.mp3	P	I study Italian.
ombra/content/prompt/en/c0040.mp3	P	How old are you?
ombra/content/prompt/en/c0041.mp3	P	I'm thirty years old.
ombra/content/prompt/en/c0042.mp3	P	What do you do for work?
ombra/content/prompt/en/c0043.mp3	P	I'm a teacher.
ombra/content/prompt/en/c0044.mp3	P	See you tomorrow!
ombra/content/prompt/en/c0045.mp3	P	See you soon!
ombra/content/prompt/en/c0046.mp3	P	Have a good day!
ombra/content/prompt/en/c0047.mp3	P	Good night, sleep well.
ombra/content/prompt/en/c0048.mp3	P	Goodbye!
ombra/content/prompt/en/c0049.mp3	P	Welcome to Italy!
ombra/content/prompt/en/c0050.mp3	P	Good luck!
ombra/content/prompt/en/c0051.mp3	P	A table for two, please.
ombra/content/prompt/en/c0052.mp3	P	Do you have a menu in English?
ombra/content/prompt/en/c0053.mp3	P	What do you recommend?
ombra/content/prompt/en/c0054.mp3	P	I'll have a margherita pizza.
ombra/content/prompt/en/c0055.mp3	P	For me, a glass of red wine.
ombra/content/prompt/en/c0056.mp3	P	I'd like still water.
ombra/content/prompt/en/c0057.mp3	P	Sparkling water, please.
ombra/content/prompt/en/c0058.mp3	P	What's the dish of the day?
ombra/content/prompt/en/c0059.mp3	P	I'm vegetarian.
ombra/content/prompt/en/c0060.mp3	P	Without onion, please.
ombra/content/prompt/en/c0061.mp3	P	Is the fish fresh?
ombra/content/prompt/en/c0062.mp3	P	A macchiato, thanks.
ombra/content/prompt/en/c0063.mp3	P	Can I have more bread?
ombra/content/prompt/en/c0064.mp3	P	This is delicious!
ombra/content/prompt/en/c0065.mp3	P	The pasta is too salty.
ombra/content/prompt/en/c0066.mp3	P	A chocolate ice cream, please.
ombra/content/prompt/en/c0067.mp3	P	What flavors do you have?
ombra/content/prompt/en/c0068.mp3	P	We'll have an appetizer to share.
ombra/content/prompt/en/c0069.mp3	P	What time do you close?
ombra/content/prompt/en/c0070.mp3	P	Is this table free?
ombra/content/prompt/en/c0071.mp3	P	Can we sit outside?
ombra/content/prompt/en/c0072.mp3	P	Is service included?
ombra/content/prompt/en/c0073.mp3	P	Can I pay by card?
ombra/content/prompt/en/c0074.mp3	P	Cash only, I'm sorry.
ombra/content/prompt/en/c0075.mp3	P	Keep the change.
ombra/content/prompt/en/c0076.mp3	P	Everything was very good.
ombra/content/prompt/en/c0077.mp3	P	I booked for eight o'clock.
ombra/content/prompt/en/c0078.mp3	P	There are four of us.
ombra/content/prompt/en/c0079.mp3	P	We're waiting for a friend.
ombra/content/prompt/en/c0080.mp3	P	I'll have dessert later.
ombra/content/prompt/en/c0081.mp3	P	Waiter, excuse me!
ombra/content/prompt/en/c0082.mp3	P	A fork is missing.
ombra/content/prompt/en/c0083.mp3	P	Will you bring me the bill?
ombra/content/prompt/en/c0084.mp3	P	Let's split the bill.
ombra/content/prompt/en/c0085.mp3	P	It's my treat.
ombra/content/prompt/en/c0086.mp3	P	Do you want to taste mine?
ombra/content/prompt/en/c0087.mp3	P	I don't drink alcohol.
ombra/content/prompt/en/c0088.mp3	P	A small beer, please.
ombra/content/prompt/en/c0089.mp3	P	The cappuccino is for me.
ombra/content/prompt/en/c0090.mp3	P	I have breakfast at the café.
ombra/content/prompt/en/c0091.mp3	P	A croissant and a juice, thanks.
ombra/content/prompt/en/c0092.mp3	P	There's too much sugar.
ombra/content/prompt/en/c0093.mp3	P	I prefer tea to coffee.
ombra/content/prompt/en/c0094.mp3	P	What are you having?
ombra/content/prompt/en/c0095.mp3	P	One more moment, please.
ombra/content/prompt/en/c0096.mp3	P	We're ready to order.
ombra/content/prompt/en/c0097.mp3	P	How's the soup today?
ombra/content/prompt/en/c0098.mp3	P	No dessert for me, thanks.
ombra/content/prompt/en/c0099.mp3	P	It was my first time here.
ombra/content/prompt/en/c0100.mp3	P	We'll come back soon!
ombra/content/prompt/en/c0101.mp3	P	Where is the station?
ombra/content/prompt/en/c0102.mp3	P	Is it far from here?
ombra/content/prompt/en/c0103.mp3	P	Can you show me on the map?
ombra/content/prompt/en/c0104.mp3	P	Turn right at the traffic light.
ombra/content/prompt/en/c0105.mp3	P	Straight ahead, then left.
ombra/content/prompt/en/c0106.mp3	P	It's near the cathedral.
ombra/content/prompt/en/c0107.mp3	P	How long does it take on foot?
ombra/content/prompt/en/c0108.mp3	P	Ten minutes, more or less.
ombra/content/prompt/en/c0109.mp3	P	Which bus do I need to take?
ombra/content/prompt/en/c0110.mp3	P	The 23 comes every hour.
ombra/content/prompt/en/c0111.mp3	P	Where do you buy tickets?
ombra/content/prompt/en/c0112.mp3	P	A ticket to Florence, please.
ombra/content/prompt/en/c0113.mp3	P	One way or round trip?
ombra/content/prompt/en/c0114.mp3	P	The train leaves from platform two.
ombra/content/prompt/en/c0115.mp3	P	The next train is at nine.
ombra/content/prompt/en/c0116.mp3	P	I'm late!
ombra/content/prompt/en/c0117.mp3	P	Is the museum open today?
ombra/content/prompt/en/c0118.mp3	P	It's closed on Mondays.
ombra/content/prompt/en/c0119.mp3	P	Admission is free.
ombra/content/prompt/en/c0120.mp3	P	Two tickets for the museum.
ombra/content/prompt/en/c0121.mp3	P	Can I take a photo here?
ombra/content/prompt/en/c0122.mp3	P	What a beautiful square!
ombra/content/prompt/en/c0123.mp3	P	This church is old.
ombra/content/prompt/en/c0124.mp3	P	I'm looking for a pharmacy.
ombra/content/prompt/en/c0125.mp3	P	Is there a supermarket nearby?
ombra/content/prompt/en/c0126.mp3	P	It opens at half past eight.
ombra/content/prompt/en/c0127.mp3	P	How much are these shoes?
ombra/content/prompt/en/c0128.mp3	P	They're on sale.
ombra/content/prompt/en/c0129.mp3	P	Can I try it on?
ombra/content/prompt/en/c0130.mp3	P	What size do you wear?
ombra/content/prompt/en/c0131.mp3	P	I wear a forty-two.
ombra/content/prompt/en/c0132.mp3	P	It's too expensive for me.
ombra/content/prompt/en/c0133.mp3	P	Do you have something cheaper?
ombra/content/prompt/en/c0134.mp3	P	I'll take it!
ombra/content/prompt/en/c0135.mp3	P	Can you give me a bag, please?
ombra/content/prompt/en/c0136.mp3	P	Where can I change money?
ombra/content/prompt/en/c0137.mp3	P	Is there an ATM here?
ombra/content/prompt/en/c0138.mp3	P	I lost my wallet.
ombra/content/prompt/en/c0139.mp3	P	Help, please!
ombra/content/prompt/en/c0140.mp3	P	Should I call the police?
ombra/content/prompt/en/c0141.mp3	P	It's nothing serious.
ombra/content/prompt/en/c0142.mp3	P	The city is full of tourists.
ombra/content/prompt/en/c0143.mp3	P	Today there's the market.
ombra/content/prompt/en/c0144.mp3	P	I'm buying fruit and vegetables.
ombra/content/prompt/en/c0145.mp3	P	A kilo of apples, thanks.
ombra/content/prompt/en/c0146.mp3	P	Are these oranges sweet?
ombra/content/prompt/en/c0147.mp3	P	Go ahead and taste!
ombra/content/prompt/en/c0148.mp3	P	The center is closed to traffic.
ombra/content/prompt/en/c0149.mp3	P	Let's walk.
ombra/content/prompt/en/c0150.mp3	P	See you in front of the cinema.
ombra/content/prompt/en/c0151.mp3	P	I wake up at seven.
ombra/content/prompt/en/c0152.mp3	P	I get up right away.
ombra/content/prompt/en/c0153.mp3	P	I take a shower every morning.
ombra/content/prompt/en/c0154.mp3	P	I get dressed quickly.
ombra/content/prompt/en/c0155.mp3	P	I drink a coffee at home.
ombra/content/prompt/en/c0156.mp3	P	I leave home at eight.
ombra/content/prompt/en/c0157.mp3	P	I go to work by bike.
ombra/content/prompt/en/c0158.mp3	P	The trip takes twenty minutes.
ombra/content/prompt/en/c0159.mp3	P	I start at nine sharp.
ombra/content/prompt/en/c0160.mp3	P	I have a break at noon.
ombra/content/prompt/en/c0161.mp3	P	I have lunch with my colleagues.
ombra/content/prompt/en/c0162.mp3	P	The afternoon goes by fast.
ombra/content/prompt/en/c0163.mp3	P	I finish at six in the evening.
ombra/content/prompt/en/c0164.mp3	P	I come home tired.
ombra/content/prompt/en/c0165.mp3	P	First I do the grocery shopping.
ombra/content/prompt/en/c0166.mp3	P	I cook dinner for two.
ombra/content/prompt/en/c0167.mp3	P	We have dinner at eight.
ombra/content/prompt/en/c0168.mp3	P	After dinner I watch a movie.
ombra/content/prompt/en/c0169.mp3	P	I read a book in bed.
ombra/content/prompt/en/c0170.mp3	P	I go to sleep at midnight.
ombra/content/prompt/en/c0171.mp3	P	I sleep eight hours.
ombra/content/prompt/en/c0172.mp3	P	Saturday is different.
ombra/content/prompt/en/c0173.mp3	P	I stay in bed until late.
ombra/content/prompt/en/c0174.mp3	P	I have breakfast without rushing.
ombra/content/prompt/en/c0175.mp3	P	I clean the house on weekends.
ombra/content/prompt/en/c0176.mp3	P	I wash clothes on Sundays.
ombra/content/prompt/en/c0177.mp3	P	I go to the gym twice a week.
ombra/content/prompt/en/c0178.mp3	P	I run in the park in the morning.
ombra/content/prompt/en/c0179.mp3	P	I never have time.
ombra/content/prompt/en/c0180.mp3	P	Sometimes I arrive late.
ombra/content/prompt/en/c0181.mp3	P	I usually take the train.
ombra/content/prompt/en/c0182.mp3	P	Today I work from home.
ombra/content/prompt/en/c0183.mp3	P	The meeting is at ten.
ombra/content/prompt/en/c0184.mp3	P	I write a lot of emails.
ombra/content/prompt/en/c0185.mp3	P	I call my mother.
ombra/content/prompt/en/c0186.mp3	P	We talk for an hour.
ombra/content/prompt/en/c0187.mp3	P	I take the dog out.
ombra/content/prompt/en/c0188.mp3	P	My cat always sleeps.
ombra/content/prompt/en/c0189.mp3	P	I water the plants.
ombra/content/prompt/en/c0190.mp3	P	I take out the trash.
ombra/content/prompt/en/c0191.mp3	P	I check my phone too much.
ombra/content/prompt/en/c0192.mp3	P	Tonight I'm going out with friends.
ombra/content/prompt/en/c0193.mp3	P	Tomorrow I'll rest.
ombra/content/prompt/en/c0194.mp3	P	What a long day!
ombra/content/prompt/en/c0195.mp3	P	I can't wait for the weekend.
ombra/content/prompt/en/c0196.mp3	P	Monday is always hard.
ombra/content/prompt/en/c0197.mp3	P	For lunch I eat a sandwich.
ombra/content/prompt/en/c0198.mp3	P	I review words every evening.
ombra/content/prompt/en/c0199.mp3	P	I listen to music in the kitchen.
ombra/content/prompt/en/c0200.mp3	P	I like this simple life.
ombra/content/prompt/en/c0201.mp3	P	I've been married for five years.
ombra/content/prompt/en/c0202.mp3	P	We have two small children.
ombra/content/prompt/en/c0203.mp3	P	My daughter is six years old.
ombra/content/prompt/en/c0204.mp3	P	My parents live by the sea.
ombra/content/prompt/en/c0205.mp3	P	My grandfather is ninety years old.
ombra/content/prompt/en/c0206.mp3	P	We're a cheerful family.
ombra/content/prompt/en/c0207.mp3	P	I live alone in the city.
ombra/content/prompt/en/c0208.mp3	P	My apartment is small.
ombra/content/prompt/en/c0209.mp3	P	I have a balcony with flowers.
ombra/content/prompt/en/c0210.mp3	P	In my free time I paint.
ombra/content/prompt/en/c0211.mp3	P	I've been playing guitar for a short time.
ombra/content/prompt/en/c0212.mp3	P	I play soccer on Thursdays.
ombra/content/prompt/en/c0213.mp3	P	I love traveling by train.
ombra/content/prompt/en/c0214.mp3	P	I take a lot of photos.
ombra/content/prompt/en/c0215.mp3	P	My hobby is cooking.
ombra/content/prompt/en/c0216.mp3	P	I make a cake every Sunday.
ombra/content/prompt/en/c0217.mp3	P	I collect old postcards.
ombra/content/prompt/en/c0218.mp3	P	I'm interested in history.
ombra/content/prompt/en/c0219.mp3	P	I don't watch much TV.
ombra/content/prompt/en/c0220.mp3	P	I prefer mystery novels.
ombra/content/prompt/en/c0221.mp3	P	What's the weather like today?
ombra/content/prompt/en/c0222.mp3	P	It's sunny but cold.
ombra/content/prompt/en/c0223.mp3	P	It's been raining for three days.
ombra/content/prompt/en/c0224.mp3	P	Tomorrow the snow is coming.
ombra/content/prompt/en/c0225.mp3	P	I hate strong wind.
ombra/content/prompt/en/c0226.mp3	P	In summer it's very hot.
ombra/content/prompt/en/c0227.mp3	P	Spring is my season.
ombra/content/prompt/en/c0228.mp3	P	I'm happy with my job.
ombra/content/prompt/en/c0229.mp3	P	Sometimes I'm a bit lazy.
ombra/content/prompt/en/c0230.mp3	P	I'm a curious person.
ombra/content/prompt/en/c0231.mp3	P	I speak three languages.
ombra/content/prompt/en/c0232.mp3	P	I learn new words every day.
ombra/content/prompt/en/c0233.mp3	P	My dream is to live in Italy.
ombra/content/prompt/en/c0234.mp3	P	I come to Italy every year.
ombra/content/prompt/en/c0235.mp3	P	I know Venice well.
ombra/content/prompt/en/c0236.mp3	P	The sea relaxes me.
ombra/content/prompt/en/c0237.mp3	P	I'm afraid of spiders.
ombra/content/prompt/en/c0238.mp3	P	I don't eat red meat.
ombra/content/prompt/en/c0239.mp3	P	I drink only water and tea.
ombra/content/prompt/en/c0240.mp3	P	Coffee keeps me awake.
ombra/content/prompt/en/c0241.mp3	P	My wife works at the hospital.
ombra/content/prompt/en/c0242.mp3	P	My cousin lives in Germany.
ombra/content/prompt/en/c0243.mp3	P	I have many foreign friends.
ombra/content/prompt/en/c0244.mp3	P	I write a diary in Italian.
ombra/content/prompt/en/c0245.mp3	P	I really like Italian music.
ombra/content/prompt/en/c0246.mp3	P	I sing in the shower.
ombra/content/prompt/en/c0247.mp3	P	On weekends I visit museums.
ombra/content/prompt/en/c0248.mp3	P	I dream of speaking Italian well.
ombra/content/prompt/en/c0249.mp3	P	Every day I take a small step.
ombra/content/prompt/en/c0250.mp3	P	This is my life.
ombra/content/prompt/en/c0251.mp3	P	I have a reservation under the name Rossi.
ombra/content/prompt/en/c0252.mp3	P	I'd like a double room.
ombra/content/prompt/en/c0253.mp3	P	How much is it per night?
ombra/content/prompt/en/c0254.mp3	P	Is breakfast included?
ombra/content/prompt/en/c0255.mp3	P	What floor is the room on?
ombra/content/prompt/en/c0256.mp3	P	Here is my passport.
ombra/content/prompt/en/c0257.mp3	P	Is there wifi in the room?
ombra/content/prompt/en/c0258.mp3	P	Is there a balcony with a view?
ombra/content/prompt/en/c0259.mp3	P	Is the sea close to the hotel?
ombra/content/prompt/en/c0260.mp3	P	Can I leave my suitcase here?
ombra/content/prompt/en/c0261.mp3	P	My suitcase is heavy.
ombra/content/prompt/en/c0262.mp3	P	We leave Sunday morning.
ombra/content/prompt/en/c0263.mp3	P	The plane leaves at six.
ombra/content/prompt/en/c0264.mp3	P	The flight is delayed.
ombra/content/prompt/en/c0265.mp3	P	Where is gate four?
ombra/content/prompt/en/c0266.mp3	P	Do I have to change in Milan?
ombra/content/prompt/en/c0267.mp3	P	Is this seat taken?
ombra/content/prompt/en/c0268.mp3	P	May I open the window?
ombra/content/prompt/en/c0269.mp3	P	I get off at the next stop.
ombra/content/prompt/en/c0270.mp3	P	Where do you get a taxi?
ombra/content/prompt/en/c0271.mp3	P	How much is it to the center?
ombra/content/prompt/en/c0272.mp3	P	Is it much farther?
ombra/content/prompt/en/c0273.mp3	P	What a beautiful view!
ombra/content/prompt/en/c0274.mp3	P	Let's take a break here.
ombra/content/prompt/en/c0275.mp3	P	I need to rest.
ombra/content/prompt/en/c0276.mp3	P	The hotel is full.
ombra/content/prompt/en/c0277.mp3	P	Is there a room available for tonight?
ombra/content/prompt/en/c0278.mp3	P	The elevator doesn't work.
ombra/content/prompt/en/c0279.mp3	P	The key doesn't open the door.
ombra/content/prompt/en/c0280.mp3	P	I need a clean towel.
ombra/content/prompt/en/c0281.mp3	P	The air conditioning is broken.
ombra/content/prompt/en/c0282.mp3	P	Can I change rooms?
ombra/content/prompt/en/c0283.mp3	P	What time do I have to leave the room?
ombra/content/prompt/en/c0284.mp3	P	Do I pay now or later?
ombra/content/prompt/en/c0285.mp3	P	Will you call me a taxi, please?
ombra/content/prompt/en/c0286.mp3	P	We're renting two bikes tomorrow.
ombra/content/prompt/en/c0287.mp3	P	The beach is packed this morning.
ombra/content/prompt/en/c0288.mp3	P	I swim in the sea every morning.
ombra/content/prompt/en/c0289.mp3	P	Today I'm sunbathing.
ombra/content/prompt/en/c0290.mp3	P	After the swim, an ice cream!
ombra/content/prompt/en/c0291.mp3	P	I'm sending a postcard to my grandparents.
ombra/content/prompt/en/c0292.mp3	P	I'm bringing a gift for my mother.
ombra/content/prompt/en/c0293.mp3	P	The guide speaks very fast.
ombra/content/prompt/en/c0294.mp3	P	Does the castle open at ten?
ombra/content/prompt/en/c0295.mp3	P	Shall we take a photo here?
ombra/content/prompt/en/c0296.mp3	P	The boat trip is long.
ombra/content/prompt/en/c0297.mp3	P	I'm seasick.
ombra/content/prompt/en/c0298.mp3	P	We go back to the hotel towards evening.
ombra/content/prompt/en/c0299.mp3	P	The holidays end tomorrow.
ombra/content/prompt/en/c0300.mp3	P	I want to stay one more week.
ombra/content/prompt/en/c0301.mp3	P	What did you do yesterday?
ombra/content/prompt/en/c0302.mp3	P	I worked all day.
ombra/content/prompt/en/c0303.mp3	P	I slept in late.
ombra/content/prompt/en/c0304.mp3	P	I went to the movies.
ombra/content/prompt/en/c0305.mp3	P	I saw a wonderful film.
ombra/content/prompt/en/c0306.mp3	P	We ate a huge pizza.
ombra/content/prompt/en/c0307.mp3	P	I ran into an old friend.
ombra/content/prompt/en/c0308.mp3	P	We talked for hours.
ombra/content/prompt/en/c0309.mp3	P	I came home at midnight.
ombra/content/prompt/en/c0310.mp3	P	I missed the bus this morning.
ombra/content/prompt/en/c0311.mp3	P	I arrived late to work.
ombra/content/prompt/en/c0312.mp3	P	The boss didn't say anything.
ombra/content/prompt/en/c0313.mp3	P	Did you see the game last night?
ombra/content/prompt/en/c0314.mp3	P	Our team won!
ombra/content/prompt/en/c0315.mp3	P	I bought a new jacket.
ombra/content/prompt/en/c0316.mp3	P	How much did you pay?
ombra/content/prompt/en/c0317.mp3	P	I spent too much this month.
ombra/content/prompt/en/c0318.mp3	P	Where did you go on holiday?
ombra/content/prompt/en/c0319.mp3	P	I was at the seaside in Sicily.
ombra/content/prompt/en/c0320.mp3	P	We visited three cities.
ombra/content/prompt/en/c0321.mp3	P	The trip took ten hours.
ombra/content/prompt/en/c0322.mp3	P	I took the seven o'clock train.
ombra/content/prompt/en/c0323.mp3	P	I forgot my umbrella at home.
ombra/content/prompt/en/c0324.mp3	P	It rained all night.
ombra/content/prompt/en/c0325.mp3	P	Finally the sun came out.
ombra/content/prompt/en/c0326.mp3	P	I met a nice person.
ombra/content/prompt/en/c0327.mp3	P	We had a lot of fun.
ombra/content/prompt/en/c0328.mp3	P	Yesterday I did nothing.
ombra/content/prompt/en/c0329.mp3	P	I rested all weekend.
ombra/content/prompt/en/c0330.mp3	P	I cleaned the whole house.
ombra/content/prompt/en/c0331.mp3	P	I cooked for my friends.
ombra/content/prompt/en/c0332.mp3	P	The dinner turned out great.
ombra/content/prompt/en/c0333.mp3	P	We drank a good wine.
ombra/content/prompt/en/c0334.mp3	P	Who washed the dishes?
ombra/content/prompt/en/c0335.mp3	P	I read a book in two days.
ombra/content/prompt/en/c0336.mp3	P	I listened to music all evening.
ombra/content/prompt/en/c0337.mp3	P	We went out Saturday night.
ombra/content/prompt/en/c0338.mp3	P	I danced until two.
ombra/content/prompt/en/c0339.mp3	P	I woke up late on Sunday.
ombra/content/prompt/en/c0340.mp3	P	I had breakfast at the café.
ombra/content/prompt/en/c0341.mp3	P	Then I walked in the park.
ombra/content/prompt/en/c0342.mp3	P	I found a cat in the street.
ombra/content/prompt/en/c0343.mp3	P	It drank all the milk.
ombra/content/prompt/en/c0344.mp3	P	Have you heard the news?
ombra/content/prompt/en/c0345.mp3	P	Marco changed jobs.
ombra/content/prompt/en/c0346.mp3	P	What a surprise!
ombra/content/prompt/en/c0347.mp3	P	The weekend went by fast.
ombra/content/prompt/en/c0348.mp3	P	I studied Italian yesterday too.
ombra/content/prompt/en/c0349.mp3	P	I repeated the sentences out loud.
ombra/content/prompt/en/c0350.mp3	P	Today I start a new week.
ombra/content/prompt/en/c0351.mp3	P	How do you feel today?
ombra/content/prompt/en/c0352.mp3	P	I don't feel well.
ombra/content/prompt/en/c0353.mp3	P	I have a headache.
ombra/content/prompt/en/c0354.mp3	P	I also have a sore throat.
ombra/content/prompt/en/c0355.mp3	P	Maybe I have a fever.
ombra/content/prompt/en/c0356.mp3	P	I took my temperature.
ombra/content/prompt/en/c0357.mp3	P	Thirty-eight point five, it's high.
ombra/content/prompt/en/c0358.mp3	P	I have to stay in bed.
ombra/content/prompt/en/c0359.mp3	P	Did you take any medicine?
ombra/content/prompt/en/c0360.mp3	P	I take the medicine after meals.
ombra/content/prompt/en/c0361.mp3	P	My back hurts.
ombra/content/prompt/en/c0362.mp3	P	My legs feel heavy today.
ombra/content/prompt/en/c0363.mp3	P	I walked too much yesterday.
ombra/content/prompt/en/c0364.mp3	P	I have to go to the doctor.
ombra/content/prompt/en/c0365.mp3	P	Can the doctor see me today?
ombra/content/prompt/en/c0366.mp3	P	I have an appointment at eleven.
ombra/content/prompt/en/c0367.mp3	P	The waiting room is full.
ombra/content/prompt/en/c0368.mp3	P	Breathe deeply, please.
ombra/content/prompt/en/c0369.mp3	P	Open your mouth, please.
ombra/content/prompt/en/c0370.mp3	P	It's just a cold.
ombra/content/prompt/en/c0371.mp3	P	My nose is blocked.
ombra/content/prompt/en/c0372.mp3	P	I've had a cough for three days.
ombra/content/prompt/en/c0373.mp3	P	I feel dizzy.
ombra/content/prompt/en/c0374.mp3	P	Oranges have a lot of vitamin C.
ombra/content/prompt/en/c0375.mp3	P	Drink plenty of warm water.
ombra/content/prompt/en/c0376.mp3	P	Rest is the best cure.
ombra/content/prompt/en/c0377.mp3	P	I already feel better.
ombra/content/prompt/en/c0378.mp3	P	I recovered in a week.
ombra/content/prompt/en/c0379.mp3	P	Sport is good for your health.
ombra/content/prompt/en/c0380.mp3	P	I exercise every morning.
ombra/content/prompt/en/c0381.mp3	P	I eat lots of fruit and vegetables.
ombra/content/prompt/en/c0382.mp3	P	I sleep little and badly.
ombra/content/prompt/en/c0383.mp3	P	I'm always stressed about work.
ombra/content/prompt/en/c0384.mp3	P	I need a break.
ombra/content/prompt/en/c0385.mp3	P	Today I have a lot of energy.
ombra/content/prompt/en/c0386.mp3	P	My heart is beating fast.
ombra/content/prompt/en/c0387.mp3	P	I fell off my bike.
ombra/content/prompt/en/c0388.mp3	P	I hurt my arm.
ombra/content/prompt/en/c0389.mp3	P	It's not broken, luckily.
ombra/content/prompt/en/c0390.mp3	P	My eyes are tired.
ombra/content/prompt/en/c0391.mp3	P	I look at the screen too much.
ombra/content/prompt/en/c0392.mp3	P	I've worn glasses for a year.
ombra/content/prompt/en/c0393.mp3	P	The dentist is expecting me tomorrow.
ombra/content/prompt/en/c0394.mp3	P	I'm afraid of the dentist.
ombra/content/prompt/en/c0395.mp3	P	One of my teeth hurts.
ombra/content/prompt/en/c0396.mp3	P	I brush my teeth three times a day.
ombra/content/prompt/en/c0397.mp3	P	The pharmacy is open until eight.
ombra/content/prompt/en/c0398.mp3	P	Do I need a prescription for this?
ombra/content/prompt/en/c0399.mp3	P	Get well soon!
ombra/content/prompt/en/c0400.mp3	P	Health comes first.
ombra/content/prompt/en/c0401.mp3	P	Are you free tonight?
ombra/content/prompt/en/c0402.mp3	P	Do you feel like going out?
ombra/content/prompt/en/c0403.mp3	P	Gladly, at what time?
ombra/content/prompt/en/c0404.mp3	P	Eight o'clock works great.
ombra/content/prompt/en/c0405.mp3	P	Where shall we meet?
ombra/content/prompt/en/c0406.mp3	P	In front of the station, okay?
ombra/content/prompt/en/c0407.mp3	P	Perfect, see you tonight!
ombra/content/prompt/en/c0408.mp3	P	I'll call you later.
ombra/content/prompt/en/c0409.mp3	P	One moment, I have a call.
ombra/content/prompt/en/c0410.mp3	P	Hello? Who's speaking?
ombra/content/prompt/en/c0411.mp3	P	It's Anna, can you hear me?
ombra/content/prompt/en/c0412.mp3	P	Now I can hear you perfectly.
ombra/content/prompt/en/c0413.mp3	P	I'll call you back in five minutes.
ombra/content/prompt/en/c0414.mp3	P	Send me a message later.
ombra/content/prompt/en/c0415.mp3	P	I got your message.
ombra/content/prompt/en/c0416.mp3	P	Sorry, I replied late.
ombra/content/prompt/en/c0417.mp3	P	Are you coming to the party on Saturday?
ombra/content/prompt/en/c0418.mp3	P	Who's coming with us?
ombra/content/prompt/en/c0419.mp3	P	I'm bringing my sister.
ombra/content/prompt/en/c0420.mp3	P	Let's invite Paolo too.
ombra/content/prompt/en/c0421.mp3	P	What time does the party start?
ombra/content/prompt/en/c0422.mp3	P	Around nine, I think.
ombra/content/prompt/en/c0423.mp3	P	I'll bring the dessert.
ombra/content/prompt/en/c0424.mp3	P	I'll take care of the drinks.
ombra/content/prompt/en/c0425.mp3	P	What are you wearing tonight?
ombra/content/prompt/en/c0426.mp3	P	I'm wearing my new dress.
ombra/content/prompt/en/c0427.mp3	P	The party was a success.
ombra/content/prompt/en/c0428.mp3	P	Let's dance all night!
ombra/content/prompt/en/c0429.mp3	P	I really like this song.
ombra/content/prompt/en/c0430.mp3	P	Shall we go to a concert on Sunday?
ombra/content/prompt/en/c0431.mp3	P	The tickets cost twenty euros.
ombra/content/prompt/en/c0432.mp3	P	Unfortunately I can't on Sunday.
ombra/content/prompt/en/c0433.mp3	P	I already have a commitment.
ombra/content/prompt/en/c0434.mp3	P	Shall we do it another time?
ombra/content/prompt/en/c0435.mp3	P	On Tuesday I'm free all day.
ombra/content/prompt/en/c0436.mp3	P	I'm marking the date on the calendar.
ombra/content/prompt/en/c0437.mp3	P	Don't forget the appointment!
ombra/content/prompt/en/c0438.mp3	P	I always arrive on time.
ombra/content/prompt/en/c0439.mp3	P	Sorry I'm late!
ombra/content/prompt/en/c0440.mp3	P	I've been waiting for you for half an hour!
ombra/content/prompt/en/c0441.mp3	P	I hit a lot of traffic.
ombra/content/prompt/en/c0442.mp3	P	Let me buy you a coffee, come on.
ombra/content/prompt/en/c0443.mp3	P	Shall we stay a little longer?
ombra/content/prompt/en/c0444.mp3	P	It's gotten late.
ombra/content/prompt/en/c0445.mp3	P	I really have to go now.
ombra/content/prompt/en/c0446.mp3	P	Thanks for the lovely evening.
ombra/content/prompt/en/c0447.mp3	P	Let's talk tomorrow, okay?
ombra/content/prompt/en/c0448.mp3	P	Let's organize a dinner soon.
ombra/content/prompt/en/c0449.mp3	P	Will you come to dinner at my place?
ombra/content/prompt/en/c0450.mp3	P	How nice it is to be together!
ombra/content/prompt/en/c0451.mp3	P	What plans do you have for tomorrow?
ombra/content/prompt/en/c0452.mp3	P	Tomorrow I'm getting a haircut.
ombra/content/prompt/en/c0453.mp3	P	Next weekend we're leaving for Naples.
ombra/content/prompt/en/c0454.mp3	P	I'm thinking of moving house.
ombra/content/prompt/en/c0455.mp3	P	I'm looking for a bigger apartment.
ombra/content/prompt/en/c0456.mp3	P	I want to learn to cook well.
ombra/content/prompt/en/c0457.mp3	P	I'm starting a cooking course in September.
ombra/content/prompt/en/c0458.mp3	P	Next year I'm studying in Italy.
ombra/content/prompt/en/c0459.mp3	P	First I have to save a little.
ombra/content/prompt/en/c0460.mp3	P	I put aside a hundred euros a month.
ombra/content/prompt/en/c0461.mp3	P	One day I'll open a little café.
ombra/content/prompt/en/c0462.mp3	P	It's my secret project.
ombra/content/prompt/en/c0463.mp3	P	What do you dream of?
ombra/content/prompt/en/c0464.mp3	P	I dream of a house with a garden.
ombra/content/prompt/en/c0465.mp3	P	I'd also like a big dog.
ombra/content/prompt/en/c0466.mp3	P	Summer is starting soon.
ombra/content/prompt/en/c0467.mp3	P	This summer I'm staying in the city.
ombra/content/prompt/en/c0468.mp3	P	Maybe in August I'll go to the mountains.
ombra/content/prompt/en/c0469.mp3	P	I love walking in nature.
ombra/content/prompt/en/c0470.mp3	P	I'm buying a new backpack.
ombra/content/prompt/en/c0471.mp3	P	After the summer I want to change jobs.
ombra/content/prompt/en/c0472.mp3	P	I'm studying English for work.
ombra/content/prompt/en/c0473.mp3	P	The future scares me a little.
ombra/content/prompt/en/c0474.mp3	P	But I'm also very curious.
ombra/content/prompt/en/c0475.mp3	P	One step at a time, always forward.
ombra/content/prompt/en/c0476.mp3	P	This year I'm reading twelve books.
ombra/content/prompt/en/c0477.mp3	P	One a month, it's possible.
ombra/content/prompt/en/c0478.mp3	P	I write my plans in a notebook.
ombra/content/prompt/en/c0479.mp3	P	On Sunday I'm planting new flowers on the balcony.
ombra/content/prompt/en/c0480.mp3	P	The balcony is becoming a garden.
ombra/content/prompt/en/c0481.mp3	P	I want to drink less coffee.
ombra/content/prompt/en/c0482.mp3	P	From Monday I'm going to bed early.
ombra/content/prompt/en/c0483.mp3	P	Good habits change your life.
ombra/content/prompt/en/c0484.mp3	P	This winter I'm trying skiing.
ombra/content/prompt/en/c0485.mp3	P	My daughter is learning to swim.
ombra/content/prompt/en/c0486.mp3	P	In two years I'll speak Italian well.
ombra/content/prompt/en/c0487.mp3	P	I review every day for ten minutes.
ombra/content/prompt/en/c0488.mp3	P	Little by little, no rush.
ombra/content/prompt/en/c0489.mp3	P	Next month I turn forty.
ombra/content/prompt/en/c0490.mp3	P	I'm organizing a big party.
ombra/content/prompt/en/c0491.mp3	P	I'm inviting all my friends.
ombra/content/prompt/en/c0492.mp3	P	Every age has something beautiful.
ombra/content/prompt/en/c0493.mp3	P	I'm planning a trip to Japan.
ombra/content/prompt/en/c0494.mp3	P	I'm leaving in spring, on my own.
ombra/content/prompt/en/c0495.mp3	P	I'm booking the flights in January.
ombra/content/prompt/en/c0496.mp3	P	The ticket costs a thousand euros.
ombra/content/prompt/en/c0497.mp3	P	It's worth it.
ombra/content/prompt/en/c0498.mp3	P	Dreams have no age.
ombra/content/prompt/en/c0499.mp3	P	The first step is today.
ombra/content/prompt/en/c0500.mp3	P	The future starts now.
